sample_id,sample_title,expression_column,group,disease_label,mutation,paired_patient_id,cell_line,genotype,cell_type,organism,replicate,source_name,instrument_model,library_name,geo_accession,notes
GSM9181254,"Cardiomyocytes, FA1, Disease, 1",JL_poolC_b_07_S19,disease,Friedreich ataxia,FXN GAA repeat expansion,1,FA1,WT,iPSC-cardiomyocytes,Homo sapiens,1,FA1,NextSeq 2000,Sample 1,GSE305638,Disease samples are FRDA patient iPSC-cardiomyocytes; controls are paired isogenic CRISPR-corrected lines.
GSM9181255,"Cardiomyocytes, FA1, Disease, 2",JL_poolC_b_08_S20,disease,Friedreich ataxia,FXN GAA repeat expansion,1,FA1,WT,iPSC-cardiomyocytes,Homo sapiens,2,FA1,NextSeq 2000,Sample 2,GSE305638,Disease samples are FRDA patient iPSC-cardiomyocytes; controls are paired isogenic CRISPR-corrected lines.
GSM9181256,"Cardiomyocytes, FA1, Disease, 3",JL_poolC_b_09_S21,disease,Friedreich ataxia,FXN GAA repeat expansion,1,FA1,WT,iPSC-cardiomyocytes,Homo sapiens,3,FA1,NextSeq 2000,Sample 3,GSE305638,Disease samples are FRDA patient iPSC-cardiomyocytes; controls are paired isogenic CRISPR-corrected lines.
GSM9181257,"Cardiomyocytes, FA1ic, Healthy, 1",JL_poolC_b_10_S22,control,isogenic corrected control,CRISPR-corrected FXN,1,FA1ic,corrected,iPSC-cardiomyocytes,Homo sapiens,1,FA1ic,NextSeq 2000,Sample 4,GSE305638,Disease samples are FRDA patient iPSC-cardiomyocytes; controls are paired isogenic CRISPR-corrected lines.
GSM9181258,"Cardiomyocytes, FA1ic, Healthy, 2",JL_poolC_b_11_S23,control,isogenic corrected control,CRISPR-corrected FXN,1,FA1ic,corrected,iPSC-cardiomyocytes,Homo sapiens,2,FA1ic,NextSeq 2000,Sample 5,GSE305638,Disease samples are FRDA patient iPSC-cardiomyocytes; controls are paired isogenic CRISPR-corrected lines.
GSM9181259,"Cardiomyocytes, FA1ic, Healthy, 3",JL_poolC_b_12_S24,control,isogenic corrected control,CRISPR-corrected FXN,1,FA1ic,corrected,iPSC-cardiomyocytes,Homo sapiens,3,FA1ic,NextSeq 2000,Sample 6,GSE305638,Disease samples are FRDA patient iPSC-cardiomyocytes; controls are paired isogenic CRISPR-corrected lines.
GSM9181260,"Cardiomyocytes, FA2, Disease, 1",JL_poolC_c_01_S25,disease,Friedreich ataxia,FXN GAA repeat expansion,2,FA2,WT,iPSC-cardiomyocytes,Homo sapiens,1,FA2,NextSeq 2000,Sample 7,GSE305638,Disease samples are FRDA patient iPSC-cardiomyocytes; controls are paired isogenic CRISPR-corrected lines.
GSM9181261,"Cardiomyocytes, FA2, Disease, 2",JL_poolB_c_02_S26,disease,Friedreich ataxia,FXN GAA repeat expansion,2,FA2,WT,iPSC-cardiomyocytes,Homo sapiens,2,FA2,NextSeq 2000,Sample 8,GSE305638,Disease samples are FRDA patient iPSC-cardiomyocytes; controls are paired isogenic CRISPR-corrected lines.
GSM9181262,"Cardiomyocytes, FA2, Disease, 3",JL_poolC_c_03_S27,disease,Friedreich ataxia,FXN GAA repeat expansion,2,FA2,WT,iPSC-cardiomyocytes,Homo sapiens,3,FA2,NextSeq 2000,Sample 9,GSE305638,Disease samples are FRDA patient iPSC-cardiomyocytes; controls are paired isogenic CRISPR-corrected lines.
GSM9181263,"Cardiomyocytes, FA2ic, Healthy, 1",JL_poolC_c_04_S28,control,isogenic corrected control,CRISPR-corrected FXN,2,FA2ic,corrected,iPSC-cardiomyocytes,Homo sapiens,1,FA2ic,NextSeq 2000,Sample 10,GSE305638,Disease samples are FRDA patient iPSC-cardiomyocytes; controls are paired isogenic CRISPR-corrected lines.
GSM9181264,"Cardiomyocytes, FA2ic, Healthy, 2",JL_poolC_c_05_S29,control,isogenic corrected control,CRISPR-corrected FXN,2,FA2ic,corrected,iPSC-cardiomyocytes,Homo sapiens,2,FA2ic,NextSeq 2000,Sample 11,GSE305638,Disease samples are FRDA patient iPSC-cardiomyocytes; controls are paired isogenic CRISPR-corrected lines.
GSM9181265,"Cardiomyocytes, FA2ic, Healthy, 3",JL_poolC_c_06_S30,control,isogenic corrected control,CRISPR-corrected FXN,2,FA2ic,corrected,iPSC-cardiomyocytes,Homo sapiens,3,FA2ic,NextSeq 2000,Sample 12,GSE305638,Disease samples are FRDA patient iPSC-cardiomyocytes; controls are paired isogenic CRISPR-corrected lines.
GSM9181266,"Cardiomyocytes, FA3, Disease, 1",JL_poolB_c_07_S31,disease,Friedreich ataxia,FXN GAA repeat expansion,3,FA3,WT,iPSC-cardiomyocytes,Homo sapiens,1,FA3,NextSeq 2000,Sample 13,GSE305638,Disease samples are FRDA patient iPSC-cardiomyocytes; controls are paired isogenic CRISPR-corrected lines.
GSM9181267,"Cardiomyocytes, FA3, Disease, 2",JL_poolC_c_08_S32,disease,Friedreich ataxia,FXN GAA repeat expansion,3,FA3,WT,iPSC-cardiomyocytes,Homo sapiens,2,FA3,NextSeq 2000,Sample 14,GSE305638,Disease samples are FRDA patient iPSC-cardiomyocytes; controls are paired isogenic CRISPR-corrected lines.
GSM9181268,"Cardiomyocytes, FA3, Disease, 3",JL_poolC_c_09_S33,disease,Friedreich ataxia,FXN GAA repeat expansion,3,FA3,WT,iPSC-cardiomyocytes,Homo sapiens,3,FA3,NextSeq 2000,Sample 15,GSE305638,Disease samples are FRDA patient iPSC-cardiomyocytes; controls are paired isogenic CRISPR-corrected lines.
GSM9181269,"Cardiomyocytes, FA3ic, Healthy, 1",JL_poolC_c_10_S34,control,isogenic corrected control,CRISPR-corrected FXN,3,FA3ic,corrected,iPSC-cardiomyocytes,Homo sapiens,1,FA3ic,NextSeq 2000,Sample 16,GSE305638,Disease samples are FRDA patient iPSC-cardiomyocytes; controls are paired isogenic CRISPR-corrected lines.
GSM9181270,"Cardiomyocytes, FA3ic, Healthy, 2",JL_poolC_c_11_S35,control,isogenic corrected control,CRISPR-corrected FXN,3,FA3ic,corrected,iPSC-cardiomyocytes,Homo sapiens,2,FA3ic,NextSeq 2000,Sample 17,GSE305638,Disease samples are FRDA patient iPSC-cardiomyocytes; controls are paired isogenic CRISPR-corrected lines.
GSM9181271,"Cardiomyocytes, FA3ic, Healthy, 3",JL_poolC_c_12_S36,control,isogenic corrected control,CRISPR-corrected FXN,3,FA3ic,corrected,iPSC-cardiomyocytes,Homo sapiens,3,FA3ic,NextSeq 2000,Sample 18,GSE305638,Disease samples are FRDA patient iPSC-cardiomyocytes; controls are paired isogenic CRISPR-corrected lines.
