accession,source_database,title,organism,disease,mutation,cell_type,assay_type,platform,sample_count,control_count,case_count,processed_matrix_available,raw_fastq_available,metadata_available,publication,publication_year,download_url,keep_status,priority_score,reason_for_keep_or_exclude,notes
GSE305638,NCBI GEO/GDS,Frataxin deficiency drives cardiac dysfunction and transcriptional dysregulation in Friedreich ataxia iPSC model,Homo sapiens,Friedreich ataxia / frataxin-related mitochondrial disease,FXN / frataxin,human iPSC-derived cardiomyocytes,Expression profiling by high throughput sequencing,GPL30173,18,9,9,yes,no,yes,,2025,ftp://ftp.ncbi.nlm.nih.gov/geo/series/GSE305nnn/GSE305638/,keep_high_priority,7,uses iPSC-related model; cardiac/cardiomyopathy relevance; processed supplementary table likely available; case/control labels detected in sample titles,Entrez UID: 200305638; matched_queries: mitochondrial disease iPSC RNA-seq; suppfile: TSV; bioproject: PRJNA1307399; case/control counts are heuristic from GEO sample titles; screened_with_gds_summary
GSE215351,NCBI GEO/GDS,KDM8 epigenetically controls cardiac metabolism to prevent initiation of dilated cardiomyopathy [RNA-seq],Homo sapiens; Mus musculus,mitochondrial cardiomyopathy,,human iPSC-derived cardiomyocytes,Expression profiling by high throughput sequencing,24676;24247;17021,31,8,8,yes,no,yes,PMID:38665902,2022,ftp://ftp.ncbi.nlm.nih.gov/geo/series/GSE215nnn/GSE215351/,keep_high_priority,7,uses iPSC-related model; cardiac/cardiomyopathy relevance; processed supplementary table likely available; case/control labels detected in sample titles,Entrez UID: 200215351; matched_queries: mitochondrial cardiomyopathy iPSC cardiomyocyte RNA-seq; suppfile: TXT; bioproject: PRJNA889828; case/control counts are heuristic from GEO sample titles; screened_with_gds_summary
GSE329393,NCBI GEO/GDS,RBM20-variants induce distinct calcium handling and metabolic phenotypes in patient-specific stem cell models of dilated and non-compaction cardiomyopathy,Homo sapiens,mitochondrial cardiomyopathy,,human iPSC-derived cardiomyocytes,Expression profiling by high throughput sequencing,GPL24676,16,,,yes,yes,yes,,2026,ftp://ftp.ncbi.nlm.nih.gov/geo/series/GSE329nnn/GSE329393/,keep_candidate,4,uses iPSC-related model; cardiac/cardiomyopathy relevance; processed supplementary table likely available,Entrez UID: 200329393; matched_queries: mitochondrial cardiomyopathy iPSC cardiomyocyte; suppfile: TSV; bioproject: PRJNA1458794; screened_with_gds_summary; Step 4 dataset re-check candidate; not selected as primary without further confirmation
GSE323990,NCBI GEO/GDS,Effects of RRAGD p.(Ser76Leu) variant in human induced pluripotent stem cell-derived cardiomyocytes gene expression,Homo sapiens,dilated cardiomyopathy,,human iPSC-derived cardiomyocytes,Expression profiling by high throughput sequencing,GPL30173,8,,,yes,yes,yes,,2026,ftp://ftp.ncbi.nlm.nih.gov/geo/series/GSE323nnn/GSE323990/,keep_candidate,4,uses iPSC-related model; cardiac/cardiomyopathy relevance; processed supplementary table likely available,Entrez UID: 200323990; matched_queries: human cardiomyopathy cardiomyocyte RNA-seq; suppfile: TSV; bioproject: PRJNA1432913; screened_with_gds_summary
GSE302337,NCBI GEO/GDS,Failing heart-specific cardiac fibroblasts induce heart failure via c-Myc Expansion [snRNA-seq],Homo sapiens,heart failure,,human cardiomyocytes,Expression profiling by high throughput sequencing,GPL24676,6,2,4,unknown,no,yes,PMID:40931092,2025,ftp://ftp.ncbi.nlm.nih.gov/geo/series/GSE302nnn/GSE302337/,keep_candidate,4,cardiac/cardiomyopathy relevance; case/control labels detected in sample titles,Entrez UID: 200302337; matched_queries: human cardiomyopathy cardiomyocyte RNA-seq | dilated cardiomyopathy single nucleus RNA-seq human heart | heart failure cardiomyocyte single nucleus RNA-seq; suppfile: H5; bioproject: PRJNA1290106; case/control counts are heuristic from GEO sample titles; screened_with_gds_summary
GSE300610,NCBI GEO/GDS,Growing iPSC-derived neuronal precursor cells (NPCs) of MT-ATP6 patients and of normal controls under physiological glucose concentrations of 4.5 mM with and without 1 µM or 10 µM Sildenafil for 6 or 24 hours.,Homo sapiens,mitochondrial disease,,human iPSC-derived neurons / neural cells,Expression profiling by high throughput sequencing,GPL23227,192,48,48,unknown,no,yes,,2025,ftp://ftp.ncbi.nlm.nih.gov/geo/series/GSE300nnn/GSE300610/,keep_candidate,4,uses iPSC-related model; case/control labels detected in sample titles,"Entrez UID: 200300610; matched_queries: mitochondrial disease iPSC; suppfile: GTF, TAB; bioproject: PRJNA1281545; case/control counts are heuristic from GEO sample titles; screened_with_gds_summary; Step 4 dataset re-check candidate; not selected as primary without further confirmation"
GSE292178,NCBI GEO/GDS,Reprogramming-driven drug discovery uncovers sildenafil as a candidate drug for mitochondrial disease,Homo sapiens,mitochondrial disease,,human iPSC-derived neurons / neural cells,Expression profiling by high throughput sequencing,GPL23227,54,15,12,unknown,no,yes,PMID:41819105,2026,ftp://ftp.ncbi.nlm.nih.gov/geo/series/GSE292nnn/GSE292178/,keep_candidate,4,uses iPSC-related model; case/control labels detected in sample titles,"Entrez UID: 200292178; matched_queries: mitochondrial disease iPSC; suppfile: GTF, TAB; bioproject: PRJNA1237340; case/control counts are heuristic from GEO sample titles; screened_with_gds_summary; Step 4 dataset re-check candidate; not selected as primary without further confirmation"
GSE288708,NCBI GEO/GDS,Human iPSC-cardiomyocyte models of insulin resistance demonstrate metabolic and contractile dysfunction that recapitulates diabetic cardiomyopathy,Homo sapiens,mitochondrial cardiomyopathy,,human iPSC-derived cardiomyocytes,Expression profiling by high throughput sequencing,GPL24676,20,,,yes,no,yes,PMID:40357580,2025,ftp://ftp.ncbi.nlm.nih.gov/geo/series/GSE288nnn/GSE288708/,keep_candidate,4,uses iPSC-related model; cardiac/cardiomyopathy relevance; processed supplementary table likely available,Entrez UID: 200288708; matched_queries: mitochondrial cardiomyopathy iPSC cardiomyocyte RNA-seq | mitochondrial dysfunction cardiomyocyte RNA-seq; suppfile: CSV; bioproject: PRJNA1219113; screened_with_gds_summary
GSE262419,NCBI GEO/GDS,Informing Hazard Identification and Risk Characterization of Environmental Chemicals by Combining Transcriptomic and Functional Data from Human Induced Pluripotent Stem Cell-Derived Cardiomyocytes,Homo sapiens,mitochondrial dysfunction / OXPHOS,,human iPSC-derived cardiomyocytes,Expression profiling by high throughput sequencing,GPL16791,4558,,,yes,no,yes,PMID:39046974,2024,ftp://ftp.ncbi.nlm.nih.gov/geo/series/GSE262nnn/GSE262419/,keep_candidate,4,uses iPSC-related model; cardiac/cardiomyopathy relevance; processed supplementary table likely available,Entrez UID: 200262419; matched_queries: mitochondrial dysfunction cardiomyocyte RNA-seq; suppfile: CSV; bioproject: PRJNA1091686; screened_with_gds_summary
GSE193861,NCBI GEO/GDS,Transcriptional co-activators YAP1-TAZ of Hippo signalling in doxorubicin-induced cardiomyopathy,Homo sapiens,mitochondrial cardiomyopathy,TAZ,human iPSC-derived cardiomyocytes,Expression profiling by high throughput sequencing,GPL16791,10,,,yes,no,yes,PMID:34931757,2022,ftp://ftp.ncbi.nlm.nih.gov/geo/series/GSE193nnn/GSE193861/,keep_candidate,4,uses iPSC-related model; cardiac/cardiomyopathy relevance; processed supplementary table likely available,Entrez UID: 200193861; matched_queries: mitochondrial cardiomyopathy iPSC cardiomyocyte; suppfile: TXT; bioproject: PRJNA798241; screened_with_gds_summary; Step 4 dataset re-check candidate; not selected as primary without further confirmation
GSE147694,NCBI GEO/GDS,Human-iPSC-Derived Cardiac Stromal Cells Enhance Maturation in 3D Cardiac Microtissues and Reveal Non-cardiomyocyte Contributions to Heart Disease,Homo sapiens,mitochondrial cardiomyopathy,,human iPSC-derived cardiomyocytes,Expression profiling by high throughput sequencing,GPL20301,4,,,yes,no,yes,PMID:32459996,2020,ftp://ftp.ncbi.nlm.nih.gov/geo/series/GSE147nnn/GSE147694/,keep_candidate,4,uses iPSC-related model; cardiac/cardiomyopathy relevance; processed supplementary table likely available,"Entrez UID: 200147694; matched_queries: mitochondrial cardiomyopathy iPSC cardiomyocyte; suppfile: MTX, TSV; bioproject: PRJNA616124; screened_with_gds_summary; Step 4 dataset re-check candidate; not selected as primary without further confirmation"
GSE132146,NCBI GEO/GDS,Single cell RNA-seq analysis reveals the crucial role of Collagen triple helix repeat containing 1 (Cthrc1) cardiac fibroblasts for ventricular remodeling after myocardial infarction,Homo sapiens; Sus scrofa; Mus musculus,heart failure,,human cardiomyocytes,Expression profiling by high throughput sequencing; Genome binding/occupancy profiling by high throughput sequencing,18573;20983;19057,202,38,30,unknown,no,yes,PMID:32972203; PMID:41526391,2020,ftp://ftp.ncbi.nlm.nih.gov/geo/series/GSE132nnn/GSE132146/,keep_candidate,4,cardiac/cardiomyopathy relevance; case/control labels detected in sample titles,"Entrez UID: 200132146; matched_queries: dilated cardiomyopathy single nucleus RNA-seq human heart | heart failure cardiomyocyte single nucleus RNA-seq; suppfile: BW, H5; bioproject: PRJNA546019; case/control counts are heuristic from GEO sample titles; screened_with_gds_summary"
GSE116464,NCBI GEO/GDS,Human-iPSC-Derived Cardiac Stromal Cells Enhance Maturation in 3D Cardiac Microtissues and Reveal Non-cardiomyocyte Contributions to Heart Disease,Homo sapiens,mitochondrial cardiomyopathy,,human iPSC-derived cardiomyocytes,Expression profiling by high throughput sequencing,GPL20301,33,,,yes,no,yes,PMID:32459996,2020,ftp://ftp.ncbi.nlm.nih.gov/geo/series/GSE116nnn/GSE116464/,keep_candidate,4,uses iPSC-related model; cardiac/cardiomyopathy relevance; processed supplementary table likely available,Entrez UID: 200116464; matched_queries: mitochondrial cardiomyopathy iPSC cardiomyocyte; suppfile: TXT; bioproject: PRJNA478596; screened_with_gds_summary; Step 4 dataset re-check candidate; not selected as primary without further confirmation
GSE43698,NCBI GEO/GDS,Muscle from patients with mitochondrial myopathies and congenital muscular dystrophies versus normal human muscle,Homo sapiens,MERRF syndrome,MT-TK,,Expression profiling by array,GPL13607,29,,,yes,no,yes,PMID:24484525,2015,ftp://ftp.ncbi.nlm.nih.gov/geo/series/GSE43nnn/GSE43698/,maybe_secondary,3,contains MERRF/m.8344A>G/MT-TK terms; processed supplementary table likely available,Entrez UID: 200043698; matched_queries: MT-TK; suppfile: TXT; bioproject: PRJNA187082; screened_with_gds_summary; Step 4 dataset re-check candidate; not selected as primary without further confirmation
GSE142745,NCBI GEO/GDS,High-throughput single-cell mitochondrial DNA genotyping reveals properties of clonal variation in human contexts,Homo sapiens,MERRF syndrome,m.8344A>G,,Genome binding/occupancy profiling by high throughput sequencing; Expression profiling by high throughput sequencing,16791;21697,124,,,yes,no,yes,PMID:32788668,2020,ftp://ftp.ncbi.nlm.nih.gov/geo/series/GSE142nnn/GSE142745/,maybe_secondary,3,contains MERRF/m.8344A>G/MT-TK terms; processed supplementary table likely available,"Entrez UID: 200142745; matched_queries: m.8344A>G; suppfile: MTX, TSV, TXT; bioproject: PRJNA598170; screened_with_gds_summary; Step 4 dataset re-check candidate; not selected as primary without further confirmation"
GSE142744,NCBI GEO/GDS,High-throughput single-cell mitochondrial DNA genotyping reveals properties of clonal variation in human contexts [CLL-scRNA],Homo sapiens,MERRF syndrome,m.8344A>G,,Expression profiling by high throughput sequencing,GPL16791,4,,,yes,no,yes,,2020,ftp://ftp.ncbi.nlm.nih.gov/geo/series/GSE142nnn/GSE142744/,maybe_secondary,3,contains MERRF/m.8344A>G/MT-TK terms; processed supplementary table likely available,"Entrez UID: 200142744; matched_queries: m.8344A>G; suppfile: MTX, TSV; bioproject: PRJNA598177; screened_with_gds_summary; Step 4 dataset re-check candidate; not selected as primary without further confirmation"
GSE106601,NCBI GEO/GDS,tRNA modification landscape selectively controls mitochondrial translation efficiency in MERRF,Homo sapiens,MERRF syndrome,m.8344A>G,,Expression profiling by high throughput sequencing; Other,GPL15433,16,,,yes,no,yes,PMID:30262910,2018,ftp://ftp.ncbi.nlm.nih.gov/geo/series/GSE106nnn/GSE106601/,maybe_secondary,3,contains MERRF/m.8344A>G/MT-TK terms; processed supplementary table likely available,"Entrez UID: 200106601; matched_queries: MERRF A8344G expression; suppfile: TXT, XLSX; bioproject: PRJNA417375; screened_with_gds_summary; Step 4 re-check: mixed skeletal tissue and immortalized cell-line samples; not iPSC-cardiomyocyte"
GSE77784,NCBI GEO/GDS,MOF acetyl transferase regulates transcription and respiration in mitochondria,Mus musculus; Homo sapiens,cardiomyopathy,,human cardiomyocytes,Expression profiling by high throughput sequencing,17021;16791,19,,,yes,no,yes,PMID:27768893,2016,ftp://ftp.ncbi.nlm.nih.gov/geo/series/GSE77nnn/GSE77784/,maybe_secondary,2,cardiac/cardiomyopathy relevance; processed supplementary table likely available,Entrez UID: 200077784; matched_queries: mitochondrial dysfunction cardiomyocyte RNA-seq; suppfile: TSV; bioproject: PRJNA311550; screened_with_gds_summary
GSE61390,NCBI GEO/GDS,Genetic Correction and Metabolic Rescue of Pluripotent Cells from Patients with mtDNA,Homo sapiens,MELAS / m.3243A>G mitochondrial disease,m.3243A>G,human iPSC-derived cells,Expression profiling by high throughput sequencing; Third-party reanalysis,11154;16791,43,,,yes,no,yes,PMID:26176921,2015,ftp://ftp.ncbi.nlm.nih.gov/geo/series/GSE61nnn/GSE61390/,maybe_secondary,2,uses iPSC-related model; processed supplementary table likely available,Entrez UID: 200061390; matched_queries: mitochondrial disease iPSC; suppfile: TXT; bioproject: PRJNA260928; screened_with_gds_summary; Step 4 dataset re-check candidate; not selected as primary without further confirmation
GSE53141,NCBI GEO/GDS,Epigenetic and transcriptional aberrations in human pluripotent stem cells reflect differences in reprogramming mechanisms [SNP array],Homo sapiens,mitochondrial disease,,human iPSC-derived cells,SNP genotyping by SNP array,GPL14157,21,,,yes,no,yes,PMID:25008523,2014,ftp://ftp.ncbi.nlm.nih.gov/geo/series/GSE53nnn/GSE53141/,maybe_secondary,2,uses iPSC-related model; processed supplementary table likely available,Entrez UID: 200053141; matched_queries: mitochondrial disorder iPSC transcriptome; suppfile: TXT; bioproject: PRJNA230975; screened_with_gds_summary
GSE333349,NCBI GEO/GDS,Beyond Glycogen Storage: AMPKγ2 Regulates Cardiac Hypertrophy and Electrophysiology via Myosin Interaction,Danio rerio,cardiomyopathy,,human cardiomyocytes,Expression profiling by high throughput sequencing,GPL23085,12,,,yes,yes,yes,,2026,ftp://ftp.ncbi.nlm.nih.gov/geo/series/GSE333nnn/GSE333349/,maybe_secondary,2,cardiac/cardiomyopathy relevance; processed supplementary table likely available,Entrez UID: 200333349; matched_queries: human cardiomyopathy cardiomyocyte RNA-seq; suppfile: TSV; bioproject: PRJNA1470713; screened_with_gds_summary
GSE331321,NCBI GEO/GDS,Engineered heart tissues facilitate functional characterization of noncoding variants implicated in Hypertrophic and Dilated Cardiomyopathy,Homo sapiens,heart failure,,human iPSC-derived cardiomyocytes,Expression profiling by high throughput sequencing,GPL34281,2,,,yes,no,yes,,2026,ftp://ftp.ncbi.nlm.nih.gov/geo/series/GSE331nnn/GSE331321/,maybe_secondary,2,cardiac/cardiomyopathy relevance; processed supplementary table likely available,"Entrez UID: 200331321; matched_queries: heart failure cardiomyocyte single nucleus RNA-seq; suppfile: MTX, TSV; bioproject: PRJNA1467678; screened_with_gds_summary; Step 4 dataset re-check candidate; not selected as primary without further confirmation"
GSE325239,NCBI GEO/GDS,RNA-seq profiling of P2 rat neonatal atrial myocytes transfected with non-targetting (control) and Pitx2c (KD) siRNA.,Rattus norvegicus,mitochondrial dysfunction / OXPHOS,,cardiomyocytes,Expression profiling by high throughput sequencing,GPL34877,8,,,yes,yes,yes,,2026,ftp://ftp.ncbi.nlm.nih.gov/geo/series/GSE325nnn/GSE325239/,maybe_secondary,2,cardiac/cardiomyopathy relevance; processed supplementary table likely available,Entrez UID: 200325239; matched_queries: mitochondrial dysfunction cardiomyocyte RNA-seq; suppfile: TXT; bioproject: PRJNA1439247; screened_with_gds_summary
GSE319887,NCBI GEO/GDS,Friedreich’s ataxia transcriptomic dysregulation and identification of cell type-specific biomarkers: A systematic review and meta-analysis,Homo sapiens,Friedreich ataxia / frataxin-related mitochondrial disease,FXN / frataxin,human iPSC-derived cardiomyocytes,Expression profiling by high throughput sequencing,GPL34284,43,,,yes,yes,yes,,2026,ftp://ftp.ncbi.nlm.nih.gov/geo/series/GSE319nnn/GSE319887/,maybe_secondary,2,uses iPSC-related model; processed supplementary table likely available,Entrez UID: 200319887; matched_queries: mitochondrial disease iPSC RNA-seq; suppfile: CSV; bioproject: PRJNA1425480; screened_with_gds_summary
GSE315294,NCBI GEO/GDS,Chrysin alleviates cardiomyocyte ferroptosis of diabetic cardiomyopathy by modulating SCD1,Homo sapiens,cardiomyopathy,,human cardiomyocytes,Expression profiling by high throughput sequencing,GPL34284,9,,,yes,no,yes,,2026,ftp://ftp.ncbi.nlm.nih.gov/geo/series/GSE315nnn/GSE315294/,maybe_secondary,2,cardiac/cardiomyopathy relevance; processed supplementary table likely available,Entrez UID: 200315294; matched_queries: human cardiomyopathy cardiomyocyte RNA-seq; suppfile: CSV; bioproject: PRJNA1395596; screened_with_gds_summary
GSE312730,NCBI GEO/GDS,Simtuzumab Attenuates Loxl2-Mediated Extracellular Matrix Remodeling and Preserves Cardiac Function in LMNA Mutation-Induced Dilated Cardiomyopathy,Homo sapiens,heart failure,,human iPSC-derived cardiomyocytes,Expression profiling by high throughput sequencing,GPL30173,6,,,yes,no,yes,PMID:41841259,2026,ftp://ftp.ncbi.nlm.nih.gov/geo/series/GSE312nnn/GSE312730/,maybe_secondary,2,cardiac/cardiomyopathy relevance; processed supplementary table likely available,Entrez UID: 200312730; matched_queries: human cardiomyopathy cardiomyocyte RNA-seq; suppfile: XLSX; bioproject: PRJNA1375789; screened_with_gds_summary
GSE309795,NCBI GEO/GDS,Multiscale profiling of tyrosine kinase inhibitor cardiotoxicity reveals mechanosensitive ion channel PIEZO1 as cardioprotective [bulk RNA-seq],Homo sapiens,heart failure,,human iPSC-derived cardiomyocytes,Expression profiling by high throughput sequencing,GPL24676,72,,,yes,no,yes,PMID:41406242,2025,ftp://ftp.ncbi.nlm.nih.gov/geo/series/GSE309nnn/GSE309795/,maybe_secondary,2,cardiac/cardiomyopathy relevance; processed supplementary table likely available,Entrez UID: 200309795; matched_queries: heart failure cardiomyocyte single nucleus RNA-seq; suppfile: CSV; bioproject: PRJNA1363194; screened_with_gds_summary
GSE305550,NCBI GEO/GDS,Establishment of human Leber’s hereditary optic neuropathy model using iPSC-derived retinal organoids,Homo sapiens,mitochondrial disease,,human iPSC-derived organoid model,Expression profiling by high throughput sequencing,GPL24676,6,,,yes,no,yes,PMID:41019299,2025,ftp://ftp.ncbi.nlm.nih.gov/geo/series/GSE305nnn/GSE305550/,maybe_secondary,2,uses iPSC-related model; processed supplementary table likely available,Entrez UID: 200305550; matched_queries: mitochondrial disease iPSC RNA-seq | mtDNA mutation iPSC RNA-seq; suppfile: TXT; bioproject: PRJNA1306489; screened_with_gds_summary
GSE302553,NCBI GEO/GDS,Pathogenetic mechanisms of muscle-specific ribosomes in dilated cardiomyopathy (AC16 RNA-seq),Homo sapiens,heart failure,,human cardiomyocytes,Expression profiling by high throughput sequencing,GPL24676,42,,,yes,no,yes,PMID:41495453,2025,ftp://ftp.ncbi.nlm.nih.gov/geo/series/GSE302nnn/GSE302553/,maybe_secondary,2,cardiac/cardiomyopathy relevance; processed supplementary table likely available,Entrez UID: 200302553; matched_queries: human cardiomyopathy cardiomyocyte RNA-seq; suppfile: TXT; bioproject: PRJNA1291178; screened_with_gds_summary
GSE283426,NCBI GEO/GDS,A gene regulatory element modulates myosin expression and alters cellular response to stress [RNA-seq],Homo sapiens,heart failure,,human cardiomyocytes,Expression profiling by high throughput sequencing,GPL24676,6,,,yes,no,yes,PMID:41125440,2025,ftp://ftp.ncbi.nlm.nih.gov/geo/series/GSE283nnn/GSE283426/,maybe_secondary,2,cardiac/cardiomyopathy relevance; processed supplementary table likely available,Entrez UID: 200283426; matched_queries: human cardiomyopathy cardiomyocyte RNA-seq; suppfile: TXT; bioproject: PRJNA1193622; screened_with_gds_summary
GSE280050,NCBI GEO/GDS,Senolytics rejuvenate aging cardiomyopathy in human cardiac organoids,Homo sapiens,cardiomyopathy,,human iPSC-derived cardiomyocytes,Expression profiling by high throughput sequencing,GPL24676,15,,,yes,no,yes,PMID:40670263,2026,ftp://ftp.ncbi.nlm.nih.gov/geo/series/GSE280nnn/GSE280050/,maybe_secondary,2,cardiac/cardiomyopathy relevance; processed supplementary table likely available,Entrez UID: 200280050; matched_queries: human cardiomyopathy cardiomyocyte RNA-seq; suppfile: TXT; bioproject: PRJNA1176030; screened_with_gds_summary
GSE255504,NCBI GEO/GDS,CRISPR screening using Human PSC-derived cardiomyocytes reveals TAOK1 as a potential therapeutic target for doxorubicin-induced cardiomyopathy I,Homo sapiens,cardiomyopathy,,human cardiomyocytes,Expression profiling by high throughput sequencing,GPL24676,6,,,yes,no,yes,,2026,ftp://ftp.ncbi.nlm.nih.gov/geo/series/GSE255nnn/GSE255504/,maybe_secondary,2,cardiac/cardiomyopathy relevance; processed supplementary table likely available,Entrez UID: 200255504; matched_queries: human cardiomyopathy cardiomyocyte RNA-seq; suppfile: TXT; bioproject: PRJNA1075126; screened_with_gds_summary
GSE254537,NCBI GEO/GDS,Inhibition of CXCL10 and IFN-γ ameliorates myocarditis in preclinical models of SARS-CoV- 2 mRNA vaccination,Homo sapiens,cardiomyopathy,,human iPSC-derived cardiomyocytes,Expression profiling by high throughput sequencing,GPL24676,24,,,yes,no,yes,PMID:41370400,2025,ftp://ftp.ncbi.nlm.nih.gov/geo/series/GSE254nnn/GSE254537/,maybe_secondary,2,cardiac/cardiomyopathy relevance; processed supplementary table likely available,Entrez UID: 200254537; matched_queries: human cardiomyopathy cardiomyocyte RNA-seq; suppfile: CSV; bioproject: PRJNA1070999; screened_with_gds_summary
GSE244886,NCBI GEO/GDS,RNA-seq data for edited and unedited GAA repeats in FRDA patient iPSC-derived neurons,Homo sapiens,Friedreich ataxia / frataxin-related mitochondrial disease,FXN / frataxin,human iPSC-derived neurons / neural cells,Expression profiling by high throughput sequencing,GPL24676,28,,,yes,no,yes,PMID:38420191,2024,ftp://ftp.ncbi.nlm.nih.gov/geo/series/GSE244nnn/GSE244886/,maybe_secondary,2,uses iPSC-related model; processed supplementary table likely available,Entrez UID: 200244886; matched_queries: mitochondrial disease iPSC RNA-seq; suppfile: TXT; bioproject: PRJNA1025300; screened_with_gds_summary
GSE213539,NCBI GEO/GDS,EPAS1 directs a network of genes implicated in mitochondrial dysfunction in arrhythmogenic cardiomyopathy [RNA-seq],Homo sapiens,dilated cardiomyopathy,,human cardiomyocytes,Expression profiling by high throughput sequencing,GPL18573,8,,,yes,no,yes,PMID:40034852,2025,ftp://ftp.ncbi.nlm.nih.gov/geo/series/GSE213nnn/GSE213539/,maybe_secondary,2,cardiac/cardiomyopathy relevance; processed supplementary table likely available,Entrez UID: 200213539; matched_queries: mitochondrial dysfunction cardiomyocyte RNA-seq | human cardiomyopathy cardiomyocyte RNA-seq; suppfile: TXT; bioproject: PRJNA881313; screened_with_gds_summary
GSE200907,NCBI GEO/GDS,A non-synonymous SNP in SIRT6 predicts neurological severity in Friedreich ataxia,Homo sapiens,Friedreich ataxia / frataxin-related mitochondrial disease,FXN / frataxin,human iPSC-derived cells,Expression profiling by high throughput sequencing,GPL18573,20,,,yes,no,yes,PMID:36133907,2022,ftp://ftp.ncbi.nlm.nih.gov/geo/series/GSE200nnn/GSE200907/,maybe_secondary,2,uses iPSC-related model; processed supplementary table likely available,"Entrez UID: 200200907; matched_queries: mitochondrial disorder iPSC transcriptome; suppfile: CSV, TSV; bioproject: PRJNA827169; screened_with_gds_summary"
GSE190977,NCBI GEO/GDS,TEAD1 trapping by the Q353R-Lamin A/C causes dilated cardiomyopathy.,Mus musculus; Homo sapiens,dilated cardiomyopathy,,human cardiomyocytes,Expression profiling by high throughput sequencing; Genome binding/occupancy profiling by high throughput sequencing,16791;24247;24676,30,,,yes,no,yes,PMID:37058558,2023,ftp://ftp.ncbi.nlm.nih.gov/geo/series/GSE190nnn/GSE190977/,maybe_secondary,2,cardiac/cardiomyopathy relevance; processed supplementary table likely available,"Entrez UID: 200190977; matched_queries: dilated cardiomyopathy single nucleus RNA-seq human heart; suppfile: BW, CSV, H5, MTX, TSV; bioproject: PRJNA789236; screened_with_gds_summary"
GSE165838,NCBI GEO/GDS,Cardiac cell type-specific gene regulatory programs and disease risk association [RNA-seq],Homo sapiens,heart failure,,human cardiomyocytes,Expression profiling by high throughput sequencing,GPL18573,7,,,yes,no,yes,,2021,ftp://ftp.ncbi.nlm.nih.gov/geo/series/GSE165nnn/GSE165838/,maybe_secondary,2,cardiac/cardiomyopathy relevance; processed supplementary table likely available,"Entrez UID: 200165838; matched_queries: heart failure cardiomyocyte single nucleus RNA-seq; suppfile: MTX, TSV, TXT; bioproject: PRJNA698274; screened_with_gds_summary"
GSE154825,NCBI GEO/GDS,Sonlicromanol improves neuronal network dysfunction and transcriptome changes linked to m.3243A>G heteroplasmy in iPSC-derived neurons,Homo sapiens,MELAS / m.3243A>G mitochondrial disease,m.3243A>G; MT-TL1,human iPSC-derived neurons / neural cells,Expression profiling by high throughput sequencing,GPL18573,16,,,yes,no,yes,PMID:34329596,2021,ftp://ftp.ncbi.nlm.nih.gov/geo/series/GSE154nnn/GSE154825/,maybe_secondary,2,uses iPSC-related model; processed supplementary table likely available,Entrez UID: 200154825; matched_queries: mitochondrial disorder iPSC transcriptome; suppfile: TXT; bioproject: PRJNA647799; screened_with_gds_summary
GSE152915,NCBI GEO/GDS,iPSC-derived 2D and 3D models of mitochondrial disease reveal early defects in neuronal morphogenesis and identify intervention strategies,Homo sapiens,mitochondrial disease,,human iPSC-derived neurons / neural cells,Expression profiling by high throughput sequencing,GPL18573,12,,,yes,no,yes,PMID:33771987; PMID:42009687,2021,ftp://ftp.ncbi.nlm.nih.gov/geo/series/GSE152nnn/GSE152915/,maybe_secondary,2,uses iPSC-related model; processed supplementary table likely available,Entrez UID: 200152915; matched_queries: mitochondrial disease iPSC; suppfile: TXT; bioproject: PRJNA640922; screened_with_gds_summary; Step 4 dataset re-check candidate; not selected as primary without further confirmation
GSE127478,NCBI GEO/GDS,Mitochondrial 3243A > G mutation confers pro-atherogenic and pro-inflammatory properties in MELAS iPS derived endothelial cells,Homo sapiens,MELAS / m.3243A>G mitochondrial disease,,human iPSC-derived cells,Expression profiling by high throughput sequencing,GPL20301,6,,,yes,no,yes,PMID:31641105,2019,ftp://ftp.ncbi.nlm.nih.gov/geo/series/GSE127nnn/GSE127478/,maybe_secondary,2,uses iPSC-related model; processed supplementary table likely available,Entrez UID: 200127478; matched_queries: mitochondrial disease iPSC; suppfile: XLSX; bioproject: PRJNA524862; screened_with_gds_summary; Step 4 dataset re-check candidate; not selected as primary without further confirmation
GSE126359,NCBI GEO/GDS,Defective metabolic programming impairs early neuronal morphogenesis in neural cultures and an organoid model of Leigh syndrome [rRNA-depleted RNA-seq],Homo sapiens,mitochondrial disease,,human iPSC-derived neurons / neural cells,Expression profiling by high throughput sequencing,GPL18573,12,,,yes,no,yes,PMID:33771987; PMID:42009687,2021,ftp://ftp.ncbi.nlm.nih.gov/geo/series/GSE126nnn/GSE126359/,maybe_secondary,2,uses iPSC-related model; processed supplementary table likely available,Entrez UID: 200126359; matched_queries: mitochondrial disease iPSC RNA-seq; suppfile: TXT; bioproject: PRJNA521700; screened_with_gds_summary
GSE126358,NCBI GEO/GDS,Defective metabolic programming impairs early neuronal morphogenesis in neural cultures and an organoid model of Leigh syndrome [polyA RNA-seq],Homo sapiens,mitochondrial disease,,human iPSC-derived neurons / neural cells,Expression profiling by high throughput sequencing,GPL23227,24,,,yes,no,yes,PMID:33771987; PMID:42009687,2021,ftp://ftp.ncbi.nlm.nih.gov/geo/series/GSE126nnn/GSE126358/,maybe_secondary,2,uses iPSC-related model; processed supplementary table likely available,Entrez UID: 200126358; matched_queries: mitochondrial disease iPSC RNA-seq; suppfile: TXT; bioproject: PRJNA521701; screened_with_gds_summary
GSE282940,NCBI GEO/GDS,NEXN deficiency leads to dilated cardiomyopathy in human pluripotent stem cell-derived cardiomyocytes,Homo sapiens,heart failure,,human cardiomyocytes,Expression profiling by high throughput sequencing,GPL30209,2,,,unknown,no,yes,,2025,ftp://ftp.ncbi.nlm.nih.gov/geo/series/GSE282nnn/GSE282940/,exclude_low_priority,1,cardiac/cardiomyopathy relevance,Entrez UID: 200282940; matched_queries: human cardiomyopathy cardiomyocyte RNA-seq; bioproject: PRJNA1191047; screened_with_gds_summary
GSE254539,NCBI GEO/GDS,CXCL10 and IFN-γ Mediate Myocarditis Post-COVID19 mRNA Vaccination.,Homo sapiens; Mus musculus,cardiomyopathy,,human cardiomyocytes,Expression profiling by high throughput sequencing,24676;24247,42,,,unknown,no,yes,,2025,ftp://ftp.ncbi.nlm.nih.gov/geo/series/GSE254nnn/GSE254539/,exclude_low_priority,1,cardiac/cardiomyopathy relevance,Entrez UID: 200254539; matched_queries: human cardiomyopathy cardiomyocyte RNA-seq; bioproject: PRJNA1070987; screened_with_gds_summary
GSE221699,NCBI GEO/GDS,Chromatin Remodeling Drives Immune-Fibroblast Cell Communication in Heart Failure,Homo sapiens; Mus musculus,heart failure,,human cardiomyocytes,Expression profiling by high throughput sequencing; Genome binding/occupancy profiling by high throughput sequencing; Other,18573;19057;24247,57,,,unknown,no,yes,,2024,ftp://ftp.ncbi.nlm.nih.gov/geo/series/GSE221nnn/GSE221699/,exclude_low_priority,1,cardiac/cardiomyopathy relevance,Entrez UID: 200221699; matched_queries: heart failure cardiomyocyte single nucleus RNA-seq; bioproject: PRJNA915384; screened_with_gds_summary
GSE333536,NCBI GEO/GDS,The MEK inhibitor trametinib incurs mitochondrial injury and induces innate immune responses in the mouse heart,Mus musculus,heart failure,,human cardiomyocytes,Expression profiling by high throughput sequencing,GPL19057,6,,,yes,yes,yes,,2026,ftp://ftp.ncbi.nlm.nih.gov/geo/series/GSE333nnn/GSE333536/,maybe_secondary,0,cardiac/cardiomyopathy relevance; processed supplementary table likely available,Entrez UID: 200333536; matched_queries: mitochondrial dysfunction cardiomyocyte RNA-seq | human cardiomyopathy cardiomyocyte RNA-seq; suppfile: XLSX; bioproject: PRJNA1471266; screened_with_gds_summary
GSE327921,NCBI GEO/GDS,Targeting PDE2A of macrophages attenuates sorafenib-induced cardiotoxicity,Mus musculus,mitochondrial dysfunction / OXPHOS,,cardiomyocytes,Expression profiling by high throughput sequencing,GPL24247,12,,,yes,yes,yes,,2026,ftp://ftp.ncbi.nlm.nih.gov/geo/series/GSE327nnn/GSE327921/,maybe_secondary,0,cardiac/cardiomyopathy relevance; processed supplementary table likely available,Entrez UID: 200327921; matched_queries: mitochondrial dysfunction cardiomyocyte RNA-seq; suppfile: XLSX; bioproject: PRJNA1453000; screened_with_gds_summary
GSE327065,NCBI GEO/GDS,Persistent Methylmalonate Overload Despite Glycemic Control Drives Mitochondrial Dyshomeostasis and Subclinical Heart Damage in Diabetes,Mus musculus,heart failure,,human cardiomyocytes,Expression profiling by high throughput sequencing,GPL24247,6,,,yes,yes,yes,,2026,ftp://ftp.ncbi.nlm.nih.gov/geo/series/GSE327nnn/GSE327065/,maybe_secondary,0,cardiac/cardiomyopathy relevance; processed supplementary table likely available,Entrez UID: 200327065; matched_queries: human cardiomyopathy cardiomyocyte RNA-seq; suppfile: TXT; bioproject: PRJNA1449406; screened_with_gds_summary
GSE326721,NCBI GEO/GDS,Broad therapeutic benefit of myosin inhibition in hypertrophic cardiomyopathy [RNASeq_LSM],Mus musculus,cardiomyopathy,,human cardiomyocytes,Expression profiling by high throughput sequencing,GPL21103,16,,,yes,yes,yes,,2026,ftp://ftp.ncbi.nlm.nih.gov/geo/series/GSE326nnn/GSE326721/,maybe_secondary,0,cardiac/cardiomyopathy relevance; processed supplementary table likely available,Entrez UID: 200326721; matched_queries: human cardiomyopathy cardiomyocyte RNA-seq; suppfile: TXT; bioproject: PRJNA1446799; screened_with_gds_summary
GSE326720,NCBI GEO/GDS,Broad therapeutic benefit of myosin inhibition in hypertrophic cardiomyopathy [RNASeq_MAVA],Mus musculus,cardiomyopathy,,human cardiomyocytes,Expression profiling by high throughput sequencing,GPL24247,13,,,yes,yes,yes,,2026,ftp://ftp.ncbi.nlm.nih.gov/geo/series/GSE326nnn/GSE326720/,maybe_secondary,0,cardiac/cardiomyopathy relevance; processed supplementary table likely available,Entrez UID: 200326720; matched_queries: human cardiomyopathy cardiomyocyte RNA-seq; suppfile: CSV; bioproject: PRJNA1446804; screened_with_gds_summary
GSE304830,NCBI GEO/GDS,RRAD-reduction reveals efficacy of targeting L-type calcium channel regulation for treatment of heart failure,Mus musculus,heart failure,,human cardiomyocytes,Expression profiling by high throughput sequencing,GPL24247,10,,,yes,no,yes,PMID:41032675,2025,ftp://ftp.ncbi.nlm.nih.gov/geo/series/GSE304nnn/GSE304830/,maybe_secondary,0,cardiac/cardiomyopathy relevance; processed supplementary table likely available,Entrez UID: 200304830; matched_queries: human cardiomyopathy cardiomyocyte RNA-seq; suppfile: CSV; bioproject: PRJNA1303013; screened_with_gds_summary
GSE292651,NCBI GEO/GDS,Q373fs variant of RBM20 affects splicing of cardiac genes that are causative for sudden death; Human sudden death case and animal experiment,Mus musculus,dilated cardiomyopathy,,human cardiomyocytes,Expression profiling by high throughput sequencing,GPL24247,9,,,yes,no,yes,PMID:41076636,2025,ftp://ftp.ncbi.nlm.nih.gov/geo/series/GSE292nnn/GSE292651/,maybe_secondary,0,cardiac/cardiomyopathy relevance; processed supplementary table likely available,Entrez UID: 200292651; matched_queries: human cardiomyopathy cardiomyocyte RNA-seq; suppfile: XLSX; bioproject: PRJNA1240602; screened_with_gds_summary
GSE262105,NCBI GEO/GDS,Semaglutide ameliorates cardiac remodeling in male mice by optimizing energy substrate utilization through the Creb5/NR4a1 axis,Mus musculus,heart failure,,cardiomyocytes,Expression profiling by high throughput sequencing,GPL24247,21,,,yes,no,yes,PMID:38834564,2024,ftp://ftp.ncbi.nlm.nih.gov/geo/series/GSE262nnn/GSE262105/,maybe_secondary,0,cardiac/cardiomyopathy relevance; processed supplementary table likely available,Entrez UID: 200262105; matched_queries: mitochondrial dysfunction cardiomyocyte RNA-seq; suppfile: XLSX; bioproject: PRJNA1090397; screened_with_gds_summary
GSE244462,NCBI GEO/GDS,Molecular remodeling of myocardium in mice with melanocortin-4 receptor deletion before cardiac function impairment,Mus musculus,dilated cardiomyopathy,,human cardiomyocytes,Expression profiling by high throughput sequencing,GPL24247,6,,,yes,no,yes,PMID:41615915,2025,ftp://ftp.ncbi.nlm.nih.gov/geo/series/GSE244nnn/GSE244462/,maybe_secondary,0,cardiac/cardiomyopathy relevance; processed supplementary table likely available,Entrez UID: 200244462; matched_queries: human cardiomyopathy cardiomyocyte RNA-seq; suppfile: TXT; bioproject: PRJNA1023221; screened_with_gds_summary
GSE241464,NCBI GEO/GDS,Expression of expanded GGC repeats within NOTCH2NLC causes cardiac dysfunction in mouse models,Mus musculus,mitochondrial dysfunction / OXPHOS,,cardiomyocytes,Expression profiling by high throughput sequencing,GPL24247,12,,,yes,no,yes,PMID:37644522,2023,ftp://ftp.ncbi.nlm.nih.gov/geo/series/GSE241nnn/GSE241464/,maybe_secondary,0,cardiac/cardiomyopathy relevance; processed supplementary table likely available,Entrez UID: 200241464; matched_queries: mitochondrial dysfunction cardiomyocyte RNA-seq; suppfile: TXT; bioproject: PRJNA1008212; screened_with_gds_summary
GSE217964,NCBI GEO/GDS,Neddylation is required for perinatal cardiac development through stimulation of metabolic maturation,Mus musculus,heart failure,,cardiomyocytes,Expression profiling by high throughput sequencing,GPL19057,8,,,yes,no,yes,PMID:36662623,2022,ftp://ftp.ncbi.nlm.nih.gov/geo/series/GSE217nnn/GSE217964/,maybe_secondary,0,cardiac/cardiomyopathy relevance; processed supplementary table likely available,Entrez UID: 200217964; matched_queries: mitochondrial dysfunction cardiomyocyte RNA-seq; suppfile: XLSX; bioproject: PRJNA901483; screened_with_gds_summary
GSE300902,NCBI GEO/GDS,Rewriting nuclear epigenetic scripts in mitochondrial diseases as a strategy for heteroplasmy control,Homo sapiens,MERRF syndrome,m.8344A>G,,Methylation profiling by genome tiling array,GPL21145,14,,,yes,no,yes,PMID:40790102,2025,ftp://ftp.ncbi.nlm.nih.gov/geo/series/GSE300nnn/GSE300902/,maybe_secondary,-1,contains MERRF/m.8344A>G/MT-TK terms; processed supplementary table likely available,"Entrez UID: 200300902; matched_queries: m.8344A>G; suppfile: IDAT, TXT; bioproject: PRJNA1282634; screened_with_gds_summary; Step 4 dataset re-check candidate; not selected as primary without further confirmation"
GSE270108,NCBI GEO/GDS,Mitochondrial Complex I inhibition enhances astrocyte responsiveness to pro-inflammatory stimuli,Mus musculus,mitochondrial disease,,human iPSC-derived neurons / neural cells,Expression profiling by high throughput sequencing,GPL19057,18,,,yes,no,yes,PMID:39516523,2025,ftp://ftp.ncbi.nlm.nih.gov/geo/series/GSE270nnn/GSE270108/,maybe_secondary,-2,uses iPSC-related model; processed supplementary table likely available,Entrez UID: 200270108; matched_queries: mitochondrial disease iPSC RNA-seq; suppfile: TSV; bioproject: PRJNA1125009; screened_with_gds_summary
