category,sample_id,group,paired_patient_id,cell_line,replicate,pathway_score,available_gene_count,requested_gene_count,available_genes
ATP synthase,GSM9181257,control,1,FA1ic,1,0.17814980771816993,1,1,ATP5F1A
ATP synthase,GSM9181258,control,1,FA1ic,2,1.1333352243986217,1,1,ATP5F1A
ATP synthase,GSM9181259,control,1,FA1ic,3,1.7010167609020563,1,1,ATP5F1A
ATP synthase,GSM9181254,disease,1,FA1,1,0.03973963645053634,1,1,ATP5F1A
ATP synthase,GSM9181255,disease,1,FA1,2,0.17044275419918933,1,1,ATP5F1A
ATP synthase,GSM9181256,disease,1,FA1,3,-0.37217974267779863,1,1,ATP5F1A
ATP synthase,GSM9181263,control,2,FA2ic,1,-0.3867871726205628,1,1,ATP5F1A
ATP synthase,GSM9181264,control,2,FA2ic,2,-0.535346051252393,1,1,ATP5F1A
ATP synthase,GSM9181265,control,2,FA2ic,3,-0.3931640776517859,1,1,ATP5F1A
ATP synthase,GSM9181260,disease,2,FA2,1,-1.1155793679590924,1,1,ATP5F1A
ATP synthase,GSM9181261,disease,2,FA2,2,-2.251417880254303,1,1,ATP5F1A
ATP synthase,GSM9181262,disease,2,FA2,3,-0.4406886674798543,1,1,ATP5F1A
ATP synthase,GSM9181269,control,3,FA3ic,1,0.9346097095372482,1,1,ATP5F1A
ATP synthase,GSM9181270,control,3,FA3ic,2,-0.31028152465012576,1,1,ATP5F1A
ATP synthase,GSM9181271,control,3,FA3ic,3,1.3427810083524867,1,1,ATP5F1A
ATP synthase,GSM9181266,disease,3,FA3,1,-1.2417943296706417,1,1,ATP5F1A
ATP synthase,GSM9181267,disease,3,FA3,2,0.699143573078984,1,1,ATP5F1A
ATP synthase,GSM9181268,disease,3,FA3,3,0.8480203395792678,1,1,ATP5F1A
fusion/fission,GSM9181257,control,1,FA1ic,1,-0.4040123158625775,6,6,MFN1;MFN2;OPA1;DNM1L;FIS1;MFF
fusion/fission,GSM9181258,control,1,FA1ic,2,0.5805251377176702,6,6,MFN1;MFN2;OPA1;DNM1L;FIS1;MFF
fusion/fission,GSM9181259,control,1,FA1ic,3,1.3490444345868517,6,6,MFN1;MFN2;OPA1;DNM1L;FIS1;MFF
fusion/fission,GSM9181254,disease,1,FA1,1,-0.41361764959581876,6,6,MFN1;MFN2;OPA1;DNM1L;FIS1;MFF
fusion/fission,GSM9181255,disease,1,FA1,2,-0.19131527229127535,6,6,MFN1;MFN2;OPA1;DNM1L;FIS1;MFF
fusion/fission,GSM9181256,disease,1,FA1,3,-0.5585183832848446,6,6,MFN1;MFN2;OPA1;DNM1L;FIS1;MFF
fusion/fission,GSM9181263,control,2,FA2ic,1,-0.3362436683651189,6,6,MFN1;MFN2;OPA1;DNM1L;FIS1;MFF
fusion/fission,GSM9181264,control,2,FA2ic,2,-0.3947787767860243,6,6,MFN1;MFN2;OPA1;DNM1L;FIS1;MFF
fusion/fission,GSM9181265,control,2,FA2ic,3,-0.2613383898542163,6,6,MFN1;MFN2;OPA1;DNM1L;FIS1;MFF
fusion/fission,GSM9181260,disease,2,FA2,1,-0.8477397220282435,6,6,MFN1;MFN2;OPA1;DNM1L;FIS1;MFF
fusion/fission,GSM9181261,disease,2,FA2,2,-2.316485144940089,6,6,MFN1;MFN2;OPA1;DNM1L;FIS1;MFF
fusion/fission,GSM9181262,disease,2,FA2,3,0.13980802362752257,6,6,MFN1;MFN2;OPA1;DNM1L;FIS1;MFF
fusion/fission,GSM9181269,control,3,FA3ic,1,0.9835183445798362,6,6,MFN1;MFN2;OPA1;DNM1L;FIS1;MFF
fusion/fission,GSM9181270,control,3,FA3ic,2,-0.2581791033413914,6,6,MFN1;MFN2;OPA1;DNM1L;FIS1;MFF
fusion/fission,GSM9181271,control,3,FA3ic,3,1.5671925418462347,6,6,MFN1;MFN2;OPA1;DNM1L;FIS1;MFF
fusion/fission,GSM9181266,disease,3,FA3,1,-0.7632255097675372,6,6,MFN1;MFN2;OPA1;DNM1L;FIS1;MFF
fusion/fission,GSM9181267,disease,3,FA3,2,1.1608781095693783,6,6,MFN1;MFN2;OPA1;DNM1L;FIS1;MFF
fusion/fission,GSM9181268,disease,3,FA3,3,0.964487344189648,6,6,MFN1;MFN2;OPA1;DNM1L;FIS1;MFF
mitochondrial biogenesis,GSM9181257,control,1,FA1ic,1,-0.24934017801977817,3,3,PPARGC1A;NRF1;ESRRA
mitochondrial biogenesis,GSM9181258,control,1,FA1ic,2,0.6552199613721296,3,3,PPARGC1A;NRF1;ESRRA
mitochondrial biogenesis,GSM9181259,control,1,FA1ic,3,1.4325757680064684,3,3,PPARGC1A;NRF1;ESRRA
mitochondrial biogenesis,GSM9181254,disease,1,FA1,1,-0.43108662096026995,3,3,PPARGC1A;NRF1;ESRRA
mitochondrial biogenesis,GSM9181255,disease,1,FA1,2,-0.2415108906626604,3,3,PPARGC1A;NRF1;ESRRA
mitochondrial biogenesis,GSM9181256,disease,1,FA1,3,-0.5669716211259783,3,3,PPARGC1A;NRF1;ESRRA
mitochondrial biogenesis,GSM9181263,control,2,FA2ic,1,0.13604102997547304,3,3,PPARGC1A;NRF1;ESRRA
mitochondrial biogenesis,GSM9181264,control,2,FA2ic,2,-0.061811069522171413,3,3,PPARGC1A;NRF1;ESRRA
mitochondrial biogenesis,GSM9181265,control,2,FA2ic,3,0.07783277942336529,3,3,PPARGC1A;NRF1;ESRRA
mitochondrial biogenesis,GSM9181260,disease,2,FA2,1,-0.8632298742113139,3,3,PPARGC1A;NRF1;ESRRA
mitochondrial biogenesis,GSM9181261,disease,2,FA2,2,-2.336187594606746,3,3,PPARGC1A;NRF1;ESRRA
mitochondrial biogenesis,GSM9181262,disease,2,FA2,3,0.15584014819618638,3,3,PPARGC1A;NRF1;ESRRA
mitochondrial biogenesis,GSM9181269,control,3,FA3ic,1,1.2458851614015527,3,3,PPARGC1A;NRF1;ESRRA
mitochondrial biogenesis,GSM9181270,control,3,FA3ic,2,0.12228759183469518,3,3,PPARGC1A;NRF1;ESRRA
mitochondrial biogenesis,GSM9181271,control,3,FA3ic,3,1.5552215751456384,3,3,PPARGC1A;NRF1;ESRRA
mitochondrial biogenesis,GSM9181266,disease,3,FA3,1,-1.4479537888992615,3,3,PPARGC1A;NRF1;ESRRA
mitochondrial biogenesis,GSM9181267,disease,3,FA3,2,0.340709499895594,3,3,PPARGC1A;NRF1;ESRRA
mitochondrial biogenesis,GSM9181268,disease,3,FA3,3,0.4764781227570634,3,3,PPARGC1A;NRF1;ESRRA
mitochondrial translation / mtDNA maintenance,GSM9181257,control,1,FA1ic,1,-0.4805250543397842,5,5,MT-TK;TFAM;POLG;POLG2;TWNK
mitochondrial translation / mtDNA maintenance,GSM9181258,control,1,FA1ic,2,0.44737596988665373,5,5,MT-TK;TFAM;POLG;POLG2;TWNK
mitochondrial translation / mtDNA maintenance,GSM9181259,control,1,FA1ic,3,0.8628603721204726,5,5,MT-TK;TFAM;POLG;POLG2;TWNK
mitochondrial translation / mtDNA maintenance,GSM9181254,disease,1,FA1,1,-0.4023268647690621,5,5,MT-TK;TFAM;POLG;POLG2;TWNK
mitochondrial translation / mtDNA maintenance,GSM9181255,disease,1,FA1,2,-0.0008161028867521736,5,5,MT-TK;TFAM;POLG;POLG2;TWNK
mitochondrial translation / mtDNA maintenance,GSM9181256,disease,1,FA1,3,-0.6784729389938313,5,5,MT-TK;TFAM;POLG;POLG2;TWNK
mitochondrial translation / mtDNA maintenance,GSM9181263,control,2,FA2ic,1,-0.29656688003786197,5,5,MT-TK;TFAM;POLG;POLG2;TWNK
mitochondrial translation / mtDNA maintenance,GSM9181264,control,2,FA2ic,2,-0.4758426536665633,5,5,MT-TK;TFAM;POLG;POLG2;TWNK
mitochondrial translation / mtDNA maintenance,GSM9181265,control,2,FA2ic,3,-0.2844004209910933,5,5,MT-TK;TFAM;POLG;POLG2;TWNK
mitochondrial translation / mtDNA maintenance,GSM9181260,disease,2,FA2,1,-0.7021114572833794,5,5,MT-TK;TFAM;POLG;POLG2;TWNK
mitochondrial translation / mtDNA maintenance,GSM9181261,disease,2,FA2,2,-1.700234997901397,5,5,MT-TK;TFAM;POLG;POLG2;TWNK
mitochondrial translation / mtDNA maintenance,GSM9181262,disease,2,FA2,3,0.45645827013544127,5,5,MT-TK;TFAM;POLG;POLG2;TWNK
mitochondrial translation / mtDNA maintenance,GSM9181269,control,3,FA3ic,1,0.9100030478604854,5,5,MT-TK;TFAM;POLG;POLG2;TWNK
mitochondrial translation / mtDNA maintenance,GSM9181270,control,3,FA3ic,2,-0.17049008517478823,5,5,MT-TK;TFAM;POLG;POLG2;TWNK
mitochondrial translation / mtDNA maintenance,GSM9181271,control,3,FA3ic,3,1.2610632796233363,5,5,MT-TK;TFAM;POLG;POLG2;TWNK
mitochondrial translation / mtDNA maintenance,GSM9181266,disease,3,FA3,1,-0.6116299019717957,5,5,MT-TK;TFAM;POLG;POLG2;TWNK
mitochondrial translation / mtDNA maintenance,GSM9181267,disease,3,FA3,2,1.012472165721064,5,5,MT-TK;TFAM;POLG;POLG2;TWNK
mitochondrial translation / mtDNA maintenance,GSM9181268,disease,3,FA3,3,0.853184252668852,5,5,MT-TK;TFAM;POLG;POLG2;TWNK
mitophagy,GSM9181257,control,1,FA1ic,1,-0.14762091870485616,4,4,PINK1;PRKN;BNIP3;BNIP3L
mitophagy,GSM9181258,control,1,FA1ic,2,0.9437840656785375,4,4,PINK1;PRKN;BNIP3;BNIP3L
mitophagy,GSM9181259,control,1,FA1ic,3,1.5973012480199311,4,4,PINK1;PRKN;BNIP3;BNIP3L
mitophagy,GSM9181254,disease,1,FA1,1,-0.1434677277523416,4,4,PINK1;PRKN;BNIP3;BNIP3L
mitophagy,GSM9181255,disease,1,FA1,2,0.14368531113357572,4,4,PINK1;PRKN;BNIP3;BNIP3L
mitophagy,GSM9181256,disease,1,FA1,3,-0.4388778002826245,4,4,PINK1;PRKN;BNIP3;BNIP3L
mitophagy,GSM9181263,control,2,FA2ic,1,-0.5028979933380064,4,4,PINK1;PRKN;BNIP3;BNIP3L
mitophagy,GSM9181264,control,2,FA2ic,2,-0.5338834408964946,4,4,PINK1;PRKN;BNIP3;BNIP3L
mitophagy,GSM9181265,control,2,FA2ic,3,-0.32086270624843277,4,4,PINK1;PRKN;BNIP3;BNIP3L
mitophagy,GSM9181260,disease,2,FA2,1,-1.1875553143926405,4,4,PINK1;PRKN;BNIP3;BNIP3L
mitophagy,GSM9181261,disease,2,FA2,2,-1.9140270451943082,4,4,PINK1;PRKN;BNIP3;BNIP3L
mitophagy,GSM9181262,disease,2,FA2,3,-0.27958064341644323,4,4,PINK1;PRKN;BNIP3;BNIP3L
mitophagy,GSM9181269,control,3,FA3ic,1,0.9893889625330352,4,4,PINK1;PRKN;BNIP3;BNIP3L
mitophagy,GSM9181270,control,3,FA3ic,2,-0.20630072643079655,4,4,PINK1;PRKN;BNIP3;BNIP3L
mitophagy,GSM9181271,control,3,FA3ic,3,1.3304960549997713,4,4,PINK1;PRKN;BNIP3;BNIP3L
mitophagy,GSM9181266,disease,3,FA3,1,-0.9429213696347265,4,4,PINK1;PRKN;BNIP3;BNIP3L
mitophagy,GSM9181267,disease,3,FA3,2,0.823746117245693,4,4,PINK1;PRKN;BNIP3;BNIP3L
mitophagy,GSM9181268,disease,3,FA3,3,0.7895939266811272,4,4,PINK1;PRKN;BNIP3;BNIP3L
mtDNA-encoded OXPHOS genes,GSM9181257,control,1,FA1ic,1,-0.6448117566507416,13,13,MT-ND1;MT-ND2;MT-ND3;MT-ND4;MT-ND4L;MT-ND5;MT-ND6;MT-CO1;MT-CO2;MT-CO3;MT-CYB;MT-ATP6;MT-ATP8
mtDNA-encoded OXPHOS genes,GSM9181258,control,1,FA1ic,2,0.6572615345960179,13,13,MT-ND1;MT-ND2;MT-ND3;MT-ND4;MT-ND4L;MT-ND5;MT-ND6;MT-CO1;MT-CO2;MT-CO3;MT-CYB;MT-ATP6;MT-ATP8
mtDNA-encoded OXPHOS genes,GSM9181259,control,1,FA1ic,3,1.8783009380150055,13,13,MT-ND1;MT-ND2;MT-ND3;MT-ND4;MT-ND4L;MT-ND5;MT-ND6;MT-CO1;MT-CO2;MT-CO3;MT-CYB;MT-ATP6;MT-ATP8
mtDNA-encoded OXPHOS genes,GSM9181254,disease,1,FA1,1,-0.8416517147665957,13,13,MT-ND1;MT-ND2;MT-ND3;MT-ND4;MT-ND4L;MT-ND5;MT-ND6;MT-CO1;MT-CO2;MT-CO3;MT-CYB;MT-ATP6;MT-ATP8
mtDNA-encoded OXPHOS genes,GSM9181255,disease,1,FA1,2,-0.6626585454265063,13,13,MT-ND1;MT-ND2;MT-ND3;MT-ND4;MT-ND4L;MT-ND5;MT-ND6;MT-CO1;MT-CO2;MT-CO3;MT-CYB;MT-ATP6;MT-ATP8
mtDNA-encoded OXPHOS genes,GSM9181256,disease,1,FA1,3,-0.938131669599919,13,13,MT-ND1;MT-ND2;MT-ND3;MT-ND4;MT-ND4L;MT-ND5;MT-ND6;MT-CO1;MT-CO2;MT-CO3;MT-CYB;MT-ATP6;MT-ATP8
mtDNA-encoded OXPHOS genes,GSM9181263,control,2,FA2ic,1,0.9762560001745939,13,13,MT-ND1;MT-ND2;MT-ND3;MT-ND4;MT-ND4L;MT-ND5;MT-ND6;MT-CO1;MT-CO2;MT-CO3;MT-CYB;MT-ATP6;MT-ATP8
mtDNA-encoded OXPHOS genes,GSM9181264,control,2,FA2ic,2,0.14872806753501086,13,13,MT-ND1;MT-ND2;MT-ND3;MT-ND4;MT-ND4L;MT-ND5;MT-ND6;MT-CO1;MT-CO2;MT-CO3;MT-CYB;MT-ATP6;MT-ATP8
mtDNA-encoded OXPHOS genes,GSM9181265,control,2,FA2ic,3,0.2817487134023873,13,13,MT-ND1;MT-ND2;MT-ND3;MT-ND4;MT-ND4L;MT-ND5;MT-ND6;MT-CO1;MT-CO2;MT-CO3;MT-CYB;MT-ATP6;MT-ATP8
mtDNA-encoded OXPHOS genes,GSM9181260,disease,2,FA2,1,-0.3167673243928805,13,13,MT-ND1;MT-ND2;MT-ND3;MT-ND4;MT-ND4L;MT-ND5;MT-ND6;MT-CO1;MT-CO2;MT-CO3;MT-CYB;MT-ATP6;MT-ATP8
mtDNA-encoded OXPHOS genes,GSM9181261,disease,2,FA2,2,-0.9433733826427648,13,13,MT-ND1;MT-ND2;MT-ND3;MT-ND4;MT-ND4L;MT-ND5;MT-ND6;MT-CO1;MT-CO2;MT-CO3;MT-CYB;MT-ATP6;MT-ATP8
mtDNA-encoded OXPHOS genes,GSM9181262,disease,2,FA2,3,0.6455740247558348,13,13,MT-ND1;MT-ND2;MT-ND3;MT-ND4;MT-ND4L;MT-ND5;MT-ND6;MT-CO1;MT-CO2;MT-CO3;MT-CYB;MT-ATP6;MT-ATP8
mtDNA-encoded OXPHOS genes,GSM9181269,control,3,FA3ic,1,0.32056250331483876,13,13,MT-ND1;MT-ND2;MT-ND3;MT-ND4;MT-ND4L;MT-ND5;MT-ND6;MT-CO1;MT-CO2;MT-CO3;MT-CYB;MT-ATP6;MT-ATP8
mtDNA-encoded OXPHOS genes,GSM9181270,control,3,FA3ic,2,-0.2426116428769364,13,13,MT-ND1;MT-ND2;MT-ND3;MT-ND4;MT-ND4L;MT-ND5;MT-ND6;MT-CO1;MT-CO2;MT-CO3;MT-CYB;MT-ATP6;MT-ATP8
mtDNA-encoded OXPHOS genes,GSM9181271,control,3,FA3ic,3,1.8067587133534764,13,13,MT-ND1;MT-ND2;MT-ND3;MT-ND4;MT-ND4L;MT-ND5;MT-ND6;MT-CO1;MT-CO2;MT-CO3;MT-CYB;MT-ATP6;MT-ATP8
mtDNA-encoded OXPHOS genes,GSM9181266,disease,3,FA3,1,-1.9180805751003038,13,13,MT-ND1;MT-ND2;MT-ND3;MT-ND4;MT-ND4L;MT-ND5;MT-ND6;MT-CO1;MT-CO2;MT-CO3;MT-CYB;MT-ATP6;MT-ATP8
mtDNA-encoded OXPHOS genes,GSM9181267,disease,3,FA3,2,-0.05308092143528515,13,13,MT-ND1;MT-ND2;MT-ND3;MT-ND4;MT-ND4L;MT-ND5;MT-ND6;MT-CO1;MT-CO2;MT-CO3;MT-CYB;MT-ATP6;MT-ATP8
mtDNA-encoded OXPHOS genes,GSM9181268,disease,3,FA3,3,-0.15402296225522838,13,13,MT-ND1;MT-ND2;MT-ND3;MT-ND4;MT-ND4L;MT-ND5;MT-ND6;MT-CO1;MT-CO2;MT-CO3;MT-CYB;MT-ATP6;MT-ATP8
oxidative stress / ROS,GSM9181257,control,1,FA1ic,1,0.0721221735085521,4,4,SOD2;GPX1;CAT;PRDX3
oxidative stress / ROS,GSM9181258,control,1,FA1ic,2,0.8652735568518981,4,4,SOD2;GPX1;CAT;PRDX3
oxidative stress / ROS,GSM9181259,control,1,FA1ic,3,0.20898537970287065,4,4,SOD2;GPX1;CAT;PRDX3
oxidative stress / ROS,GSM9181254,disease,1,FA1,1,-0.3405474534247408,4,4,SOD2;GPX1;CAT;PRDX3
oxidative stress / ROS,GSM9181255,disease,1,FA1,2,0.09422357600999737,4,4,SOD2;GPX1;CAT;PRDX3
oxidative stress / ROS,GSM9181256,disease,1,FA1,3,-0.3107989200949164,4,4,SOD2;GPX1;CAT;PRDX3
oxidative stress / ROS,GSM9181263,control,2,FA2ic,1,-0.32507683983723057,4,4,SOD2;GPX1;CAT;PRDX3
oxidative stress / ROS,GSM9181264,control,2,FA2ic,2,-0.46893238430972717,4,4,SOD2;GPX1;CAT;PRDX3
oxidative stress / ROS,GSM9181265,control,2,FA2ic,3,0.062156404607019794,4,4,SOD2;GPX1;CAT;PRDX3
oxidative stress / ROS,GSM9181260,disease,2,FA2,1,-1.0175076524310913,4,4,SOD2;GPX1;CAT;PRDX3
oxidative stress / ROS,GSM9181261,disease,2,FA2,2,-1.9142858916656964,4,4,SOD2;GPX1;CAT;PRDX3
oxidative stress / ROS,GSM9181262,disease,2,FA2,3,0.5627103193390965,4,4,SOD2;GPX1;CAT;PRDX3
oxidative stress / ROS,GSM9181269,control,3,FA3ic,1,0.21606381566033822,4,4,SOD2;GPX1;CAT;PRDX3
oxidative stress / ROS,GSM9181270,control,3,FA3ic,2,-0.23519226640654411,4,4,SOD2;GPX1;CAT;PRDX3
oxidative stress / ROS,GSM9181271,control,3,FA3ic,3,0.8839321266661286,4,4,SOD2;GPX1;CAT;PRDX3
oxidative stress / ROS,GSM9181266,disease,3,FA3,1,-0.1174949230587853,4,4,SOD2;GPX1;CAT;PRDX3
oxidative stress / ROS,GSM9181267,disease,3,FA3,2,1.273891179439901,4,4,SOD2;GPX1;CAT;PRDX3
oxidative stress / ROS,GSM9181268,disease,3,FA3,3,0.49047779944293357,4,4,SOD2;GPX1;CAT;PRDX3
respiratory chain complex I,GSM9181257,control,1,FA1ic,1,0.32596416503369435,2,2,NDUFA1;NDUFB8
respiratory chain complex I,GSM9181258,control,1,FA1ic,2,1.056298761332274,2,2,NDUFA1;NDUFB8
respiratory chain complex I,GSM9181259,control,1,FA1ic,3,1.5489145817074492,2,2,NDUFA1;NDUFB8
respiratory chain complex I,GSM9181254,disease,1,FA1,1,0.24608084439009753,2,2,NDUFA1;NDUFB8
respiratory chain complex I,GSM9181255,disease,1,FA1,2,0.5448560134922986,2,2,NDUFA1;NDUFB8
respiratory chain complex I,GSM9181256,disease,1,FA1,3,-0.22469551867210452,2,2,NDUFA1;NDUFB8
respiratory chain complex I,GSM9181263,control,2,FA2ic,1,-0.06940940386779092,2,2,NDUFA1;NDUFB8
respiratory chain complex I,GSM9181264,control,2,FA2ic,2,-0.5642496411734104,2,2,NDUFA1;NDUFB8
respiratory chain complex I,GSM9181265,control,2,FA2ic,3,-0.10154523518243079,2,2,NDUFA1;NDUFB8
respiratory chain complex I,GSM9181260,disease,2,FA2,1,-1.2096135310055036,2,2,NDUFA1;NDUFB8
respiratory chain complex I,GSM9181261,disease,2,FA2,2,-2.5198410722196694,2,2,NDUFA1;NDUFB8
respiratory chain complex I,GSM9181262,disease,2,FA2,3,-0.5268387402494698,2,2,NDUFA1;NDUFB8
respiratory chain complex I,GSM9181269,control,3,FA3ic,1,0.8423430700593577,2,2,NDUFA1;NDUFB8
respiratory chain complex I,GSM9181270,control,3,FA3ic,2,-0.09498138972224206,2,2,NDUFA1;NDUFB8
respiratory chain complex I,GSM9181271,control,3,FA3ic,3,1.1341935570492203,2,2,NDUFA1;NDUFB8
respiratory chain complex I,GSM9181266,disease,3,FA3,1,-1.347828368008406,2,2,NDUFA1;NDUFB8
respiratory chain complex I,GSM9181267,disease,3,FA3,2,0.5194499662452441,2,2,NDUFA1;NDUFB8
respiratory chain complex I,GSM9181268,disease,3,FA3,3,0.44090194079142386,2,2,NDUFA1;NDUFB8
respiratory chain complex II,GSM9181257,control,1,FA1ic,1,0.009548890677201305,1,1,SDHA
respiratory chain complex II,GSM9181258,control,1,FA1ic,2,1.0743594894582453,1,1,SDHA
respiratory chain complex II,GSM9181259,control,1,FA1ic,3,1.6128783736405068,1,1,SDHA
respiratory chain complex II,GSM9181254,disease,1,FA1,1,-0.06577116348763867,1,1,SDHA
respiratory chain complex II,GSM9181255,disease,1,FA1,2,0.35028290596472866,1,1,SDHA
respiratory chain complex II,GSM9181256,disease,1,FA1,3,-0.37217207747653464,1,1,SDHA
respiratory chain complex II,GSM9181263,control,2,FA2ic,1,-0.28233349459013707,1,1,SDHA
respiratory chain complex II,GSM9181264,control,2,FA2ic,2,-0.2741325849349924,1,1,SDHA
respiratory chain complex II,GSM9181265,control,2,FA2ic,3,-0.2198131294135525,1,1,SDHA
respiratory chain complex II,GSM9181260,disease,2,FA2,1,-0.9140887319420797,1,1,SDHA
respiratory chain complex II,GSM9181261,disease,2,FA2,2,-2.4963725781538852,1,1,SDHA
respiratory chain complex II,GSM9181262,disease,2,FA2,3,-0.09601407936543653,1,1,SDHA
respiratory chain complex II,GSM9181269,control,3,FA3ic,1,0.9496364919973657,1,1,SDHA
respiratory chain complex II,GSM9181270,control,3,FA3ic,2,-0.4847165614957206,1,1,SDHA
respiratory chain complex II,GSM9181271,control,3,FA3ic,3,1.2810029679422161,1,1,SDHA
respiratory chain complex II,GSM9181266,disease,3,FA3,1,-1.4053833902984483,1,1,SDHA
respiratory chain complex II,GSM9181267,disease,3,FA3,2,0.49695247334361925,1,1,SDHA
respiratory chain complex II,GSM9181268,disease,3,FA3,3,0.8361361981345389,1,1,SDHA
respiratory chain complex III,GSM9181257,control,1,FA1ic,1,0.18508167381984983,1,1,UQCRC2
respiratory chain complex III,GSM9181258,control,1,FA1ic,2,1.118278448644028,1,1,UQCRC2
respiratory chain complex III,GSM9181259,control,1,FA1ic,3,1.7154189087938685,1,1,UQCRC2
respiratory chain complex III,GSM9181254,disease,1,FA1,1,0.017130892897914293,1,1,UQCRC2
respiratory chain complex III,GSM9181255,disease,1,FA1,2,-0.02262934477145625,1,1,UQCRC2
respiratory chain complex III,GSM9181256,disease,1,FA1,3,-0.29077973746468666,1,1,UQCRC2
respiratory chain complex III,GSM9181263,control,2,FA2ic,1,-0.173137464943744,1,1,UQCRC2
respiratory chain complex III,GSM9181264,control,2,FA2ic,2,-0.23972589591249355,1,1,UQCRC2
respiratory chain complex III,GSM9181265,control,2,FA2ic,3,-0.1276400793252671,1,1,UQCRC2
respiratory chain complex III,GSM9181260,disease,2,FA2,1,-1.1644299024816314,1,1,UQCRC2
respiratory chain complex III,GSM9181261,disease,2,FA2,2,-2.4891835061482084,1,1,UQCRC2
respiratory chain complex III,GSM9181262,disease,2,FA2,3,-0.12167365829872763,1,1,UQCRC2
respiratory chain complex III,GSM9181269,control,3,FA3ic,1,0.7241543171849896,1,1,UQCRC2
respiratory chain complex III,GSM9181270,control,3,FA3ic,2,-0.5915177294450138,1,1,UQCRC2
respiratory chain complex III,GSM9181271,control,3,FA3ic,3,1.0985453542572314,1,1,UQCRC2
respiratory chain complex III,GSM9181266,disease,3,FA3,1,-1.2653296400034424,1,1,UQCRC2
respiratory chain complex III,GSM9181267,disease,3,FA3,2,0.7420434310465153,1,1,UQCRC2
respiratory chain complex III,GSM9181268,disease,3,FA3,3,0.8853939321502977,1,1,UQCRC2
respiratory chain complex IV,GSM9181257,control,1,FA1ic,1,0.12973368728926457,1,1,COX4I1
respiratory chain complex IV,GSM9181258,control,1,FA1ic,2,1.2035832315885575,1,1,COX4I1
respiratory chain complex IV,GSM9181259,control,1,FA1ic,3,1.598333997002638,1,1,COX4I1
respiratory chain complex IV,GSM9181254,disease,1,FA1,1,0.1366797264463326,1,1,COX4I1
respiratory chain complex IV,GSM9181255,disease,1,FA1,2,0.7103708839245929,1,1,COX4I1
respiratory chain complex IV,GSM9181256,disease,1,FA1,3,-0.2812010758424978,1,1,COX4I1
respiratory chain complex IV,GSM9181263,control,2,FA2ic,1,0.06618204134467838,1,1,COX4I1
respiratory chain complex IV,GSM9181264,control,2,FA2ic,2,-0.32833449864251835,1,1,COX4I1
respiratory chain complex IV,GSM9181265,control,2,FA2ic,3,-0.018636549937310662,1,1,COX4I1
respiratory chain complex IV,GSM9181260,disease,2,FA2,1,-0.994922810103965,1,1,COX4I1
respiratory chain complex IV,GSM9181261,disease,2,FA2,2,-2.576803061400086,1,1,COX4I1
respiratory chain complex IV,GSM9181262,disease,2,FA2,3,-0.44276061429373753,1,1,COX4I1
respiratory chain complex IV,GSM9181269,control,3,FA3ic,1,0.80481101839573,1,1,COX4I1
respiratory chain complex IV,GSM9181270,control,3,FA3ic,2,-0.38027441697568626,1,1,COX4I1
respiratory chain complex IV,GSM9181271,control,3,FA3ic,3,1.0441085789790039,1,1,COX4I1
respiratory chain complex IV,GSM9181266,disease,3,FA3,1,-1.4859133060664715,1,1,COX4I1
respiratory chain complex IV,GSM9181267,disease,3,FA3,2,0.3164958962653709,1,1,COX4I1
respiratory chain complex IV,GSM9181268,disease,3,FA3,3,0.49854727202607346,1,1,COX4I1
