gene_symbol,category,notes,gene_id,mean_log2_cpm_disease,mean_log2_cpm_control,mean_log2_cpm,log2_fold_change,p_value,padj,n_pairs,method,comparison,result_status,direction,rank_by_padj
MT-TK,mitochondrial translation / mtDNA maintenance,Mitochondrial tRNA lysine gene.,,,,,,,,,,,not_tested_in_de_filter,not_tested_or_no_change,41
POLG,mitochondrial translation / mtDNA maintenance,mtDNA polymerase catalytic subunit.,ENSG00000140521,6.129599601048677,5.85896646889487,5.994283034971773,0.2706331321538071,0.0116052515592874,0.6709870961276817,3.0,paired_t_test_on_patient_mean_log2_cpm,FRDA_iPSC_cardiomyocytes_vs_isogenic_corrected_controls,tested,up_in_disease,1
ATP5F1A,ATP synthase,Nuclear-encoded ATP synthase subunit.,ENSG00000152234,10.032730283059442,10.09065364223231,10.061691962645876,-0.057923359172868,0.0216247126693644,0.6709870961276817,3.0,paired_t_test_on_patient_mean_log2_cpm,FRDA_iPSC_cardiomyocytes_vs_isogenic_corrected_controls,tested,down_in_disease,1
MT-ND2,mtDNA-encoded OXPHOS genes,mtDNA-encoded complex I subunit.,ENSG00000198763,12.37357022088628,12.874255727725838,12.62391297430606,-0.5006855068395577,0.0296510470817832,0.6709870961276817,3.0,paired_t_test_on_patient_mean_log2_cpm,FRDA_iPSC_cardiomyocytes_vs_isogenic_corrected_controls,tested,down_in_disease,1
MT-CO3,mtDNA-encoded OXPHOS genes,mtDNA-encoded complex IV subunit.,ENSG00000198938,12.26705249433588,12.790963732342652,12.529008113339264,-0.5239112380067734,0.0496564836204898,0.6709870961276817,3.0,paired_t_test_on_patient_mean_log2_cpm,FRDA_iPSC_cardiomyocytes_vs_isogenic_corrected_controls,tested,down_in_disease,1
PPARGC1A,mitochondrial biogenesis,PGC-1 alpha biogenesis regulator.,ENSG00000109819,6.761284823861799,7.107945220186195,6.934615022023997,-0.3466603963243955,0.0547432126636135,0.6709870961276817,3.0,paired_t_test_on_patient_mean_log2_cpm,FRDA_iPSC_cardiomyocytes_vs_isogenic_corrected_controls,tested,down_in_disease,1
MT-ND4,mtDNA-encoded OXPHOS genes,mtDNA-encoded complex I subunit.,ENSG00000198886,13.750123981967796,14.021020885854176,13.885572433910983,-0.2708969038863813,0.0560906911288317,0.6709870961276817,3.0,paired_t_test_on_patient_mean_log2_cpm,FRDA_iPSC_cardiomyocytes_vs_isogenic_corrected_controls,tested,down_in_disease,1
MT-ND4L,mtDNA-encoded OXPHOS genes,mtDNA-encoded complex I subunit.,ENSG00000212907,10.938415957273262,11.249516845942669,11.093966401607965,-0.3111008886694044,0.0568017423632326,0.6709870961276817,3.0,paired_t_test_on_patient_mean_log2_cpm,FRDA_iPSC_cardiomyocytes_vs_isogenic_corrected_controls,tested,down_in_disease,1
MFN1,fusion/fission,Mitochondrial fusion.,ENSG00000171109,6.6502520994849625,6.50361186321527,6.576931981350117,0.1466402362696923,0.0748571622753531,0.6709870961276817,3.0,paired_t_test_on_patient_mean_log2_cpm,FRDA_iPSC_cardiomyocytes_vs_isogenic_corrected_controls,tested,up_in_disease,1
MT-ND3,mtDNA-encoded OXPHOS genes,mtDNA-encoded complex I subunit.,ENSG00000198840,9.85334855137203,10.471076035701133,10.16221229353658,-0.6177274843291016,0.0765419483721128,0.6709870961276817,3.0,paired_t_test_on_patient_mean_log2_cpm,FRDA_iPSC_cardiomyocytes_vs_isogenic_corrected_controls,tested,down_in_disease,1
POLG2,mitochondrial translation / mtDNA maintenance,mtDNA polymerase accessory subunit.,ENSG00000256525,3.636748462612524,3.508662116957692,3.5727052897851075,0.1280863456548315,0.1317589294999414,0.6709870961276817,3.0,paired_t_test_on_patient_mean_log2_cpm,FRDA_iPSC_cardiomyocytes_vs_isogenic_corrected_controls,tested,up_in_disease,1
MT-CO2,mtDNA-encoded OXPHOS genes,mtDNA-encoded complex IV subunit.,ENSG00000198712,12.643756661146954,12.949580817523872,12.796668739335413,-0.3058241563769179,0.1377416643403759,0.6709870961276817,3.0,paired_t_test_on_patient_mean_log2_cpm,FRDA_iPSC_cardiomyocytes_vs_isogenic_corrected_controls,tested,down_in_disease,1
MFN2,fusion/fission,Mitochondrial fusion.,ENSG00000116688,8.614465045929705,8.432769079296131,8.523617062612919,0.1816959666335744,0.1406699528272518,0.6709870961276817,3.0,paired_t_test_on_patient_mean_log2_cpm,FRDA_iPSC_cardiomyocytes_vs_isogenic_corrected_controls,tested,up_in_disease,1
NDUFA1,respiratory chain complex I,Nuclear-encoded complex I subunit.,ENSG00000125356,5.683135605250707,5.971080251341083,5.827107928295895,-0.2879446460903754,0.1422400128504193,0.6709870961276817,3.0,paired_t_test_on_patient_mean_log2_cpm,FRDA_iPSC_cardiomyocytes_vs_isogenic_corrected_controls,tested,down_in_disease,1
MT-CO1,mtDNA-encoded OXPHOS genes,mtDNA-encoded complex IV subunit.,ENSG00000198804,14.546261336354233,14.75387139646354,14.650066366408884,-0.2076100601093067,0.154539685057005,0.6709870961276817,3.0,paired_t_test_on_patient_mean_log2_cpm,FRDA_iPSC_cardiomyocytes_vs_isogenic_corrected_controls,tested,down_in_disease,1
PRKN,mitophagy,Parkin-mediated mitophagy.,ENSG00000185345,2.496743920066074,2.734214129264878,2.615479024665476,-0.2374702091988041,0.1941785518091629,0.6709870961276817,3.0,paired_t_test_on_patient_mean_log2_cpm,FRDA_iPSC_cardiomyocytes_vs_isogenic_corrected_controls,tested,down_in_disease,1
BNIP3L,mitophagy,NIX-mediated mitophagy.,ENSG00000104765,5.882697006815029,5.598781948682518,5.740739477748773,0.2839150581325107,0.214318569936115,0.6709870961276817,3.0,paired_t_test_on_patient_mean_log2_cpm,FRDA_iPSC_cardiomyocytes_vs_isogenic_corrected_controls,tested,up_in_disease,1
MT-ATP6,mtDNA-encoded OXPHOS genes,mtDNA-encoded ATP synthase subunit.,ENSG00000198899,13.002440626668887,13.349509661100912,13.1759751438849,-0.3470690344320246,0.2275898122264893,0.6709870961276817,3.0,paired_t_test_on_patient_mean_log2_cpm,FRDA_iPSC_cardiomyocytes_vs_isogenic_corrected_controls,tested,down_in_disease,1
ESRRA,mitochondrial biogenesis,ERR alpha mitochondrial transcriptional regulator.,ENSG00000173153,6.186931833388396,6.406845799389642,6.296888816389019,-0.2199139660012461,0.229247849568441,0.6709870961276817,3.0,paired_t_test_on_patient_mean_log2_cpm,FRDA_iPSC_cardiomyocytes_vs_isogenic_corrected_controls,tested,down_in_disease,1
GPX1,oxidative stress / ROS,Glutathione peroxidase.,ENSG00000233276,7.273148191264326,7.162313490993988,7.217730841129156,0.1108347002703382,0.2471627999151208,0.6721005816753539,3.0,paired_t_test_on_patient_mean_log2_cpm,FRDA_iPSC_cardiomyocytes_vs_isogenic_corrected_controls,tested,up_in_disease,19
OPA1,fusion/fission,Mitochondrial inner-membrane fusion/cristae structure.,ENSG00000198836,7.646770464097071,7.699275895136959,7.673023179617015,-0.0525054310398882,0.262430101923078,0.6727834531474495,3.0,paired_t_test_on_patient_mean_log2_cpm,FRDA_iPSC_cardiomyocytes_vs_isogenic_corrected_controls,tested,down_in_disease,20
MT-ATP8,mtDNA-encoded OXPHOS genes,mtDNA-encoded ATP synthase subunit.,ENSG00000228253,10.562736080688586,10.899596977952084,10.731166529320337,-0.3368608972634987,0.3136773939890672,0.6818294000985593,3.0,paired_t_test_on_patient_mean_log2_cpm,FRDA_iPSC_cardiomyocytes_vs_isogenic_corrected_controls,tested,down_in_disease,21
COX4I1,respiratory chain complex IV,Nuclear-encoded complex IV subunit.,ENSG00000131143,7.83733111138152,7.976183517427255,7.906757314404387,-0.1388524060457348,0.3448048296004775,0.6912502541271528,3.0,paired_t_test_on_patient_mean_log2_cpm,FRDA_iPSC_cardiomyocytes_vs_isogenic_corrected_controls,tested,down_in_disease,22
NDUFB8,respiratory chain complex I,Nuclear-encoded complex I subunit.,ENSG00000166136,6.587865324073412,6.708264199280559,6.648064761676984,-0.1203988752071474,0.3579766291521806,0.6947144168227817,3.0,paired_t_test_on_patient_mean_log2_cpm,FRDA_iPSC_cardiomyocytes_vs_isogenic_corrected_controls,tested,down_in_disease,23
PINK1,mitophagy,Mitophagy initiation.,ENSG00000158828,6.735756951923835,6.629327159150937,6.682542055537386,0.1064297927728983,0.3631981773190871,0.696452701521661,3.0,paired_t_test_on_patient_mean_log2_cpm,FRDA_iPSC_cardiomyocytes_vs_isogenic_corrected_controls,tested,up_in_disease,24
SOD2,oxidative stress / ROS,Mitochondrial superoxide dismutase.,ENSG00000112096,8.333698298308674,8.278503137836095,8.306100718072384,0.0551951604725786,0.3751147376161121,0.6971517790396263,3.0,paired_t_test_on_patient_mean_log2_cpm,FRDA_iPSC_cardiomyocytes_vs_isogenic_corrected_controls,tested,up_in_disease,25
MT-CYB,mtDNA-encoded OXPHOS genes,mtDNA-encoded complex III subunit.,ENSG00000198727,12.306921893107168,12.606215833529108,12.45656886331814,-0.2992939404219399,0.3973912391513371,0.7070029765206282,3.0,paired_t_test_on_patient_mean_log2_cpm,FRDA_iPSC_cardiomyocytes_vs_isogenic_corrected_controls,tested,down_in_disease,26
DNM1L,fusion/fission,Mitochondrial fission.,ENSG00000087470,7.1775235678716856,7.153596778821328,7.165560173346506,0.0239267890503578,0.416058295216686,0.7148117257676595,3.0,paired_t_test_on_patient_mean_log2_cpm,FRDA_iPSC_cardiomyocytes_vs_isogenic_corrected_controls,tested,up_in_disease,27
BNIP3,mitophagy,Hypoxia-associated mitophagy.,ENSG00000176171,6.231362360869222,6.331635644152954,6.281499002511089,-0.100273283283732,0.4173576894253451,0.715311694153402,3.0,paired_t_test_on_patient_mean_log2_cpm,FRDA_iPSC_cardiomyocytes_vs_isogenic_corrected_controls,tested,down_in_disease,28
TWNK,mitochondrial translation / mtDNA maintenance,mtDNA helicase.,ENSG00000107815,4.00369296618988,3.8930322112712097,3.9483625887305447,0.1106607549186704,0.451064291007902,0.7298302532551911,3.0,paired_t_test_on_patient_mean_log2_cpm,FRDA_iPSC_cardiomyocytes_vs_isogenic_corrected_controls,tested,up_in_disease,29
MT-ND1,mtDNA-encoded OXPHOS genes,mtDNA-encoded complex I subunit.,ENSG00000198888,11.549321996843515,11.755117457224337,11.652219727033929,-0.2057954603808198,0.4717983258338246,0.7402701731542899,3.0,paired_t_test_on_patient_mean_log2_cpm,FRDA_iPSC_cardiomyocytes_vs_isogenic_corrected_controls,tested,down_in_disease,30
MT-ND5,mtDNA-encoded OXPHOS genes,mtDNA-encoded complex I subunit.,ENSG00000198786,12.785211068381814,13.061392618648547,12.923301843515182,-0.2761815502667328,0.4972395681275086,0.7512073515483121,3.0,paired_t_test_on_patient_mean_log2_cpm,FRDA_iPSC_cardiomyocytes_vs_isogenic_corrected_controls,tested,down_in_disease,31
NRF1,mitochondrial biogenesis,Nuclear respiratory factor 1.,ENSG00000106459,3.888615196648919,3.996923606200228,3.942769401424573,-0.1083084095513093,0.5166123069797283,0.7609165125375841,3.0,paired_t_test_on_patient_mean_log2_cpm,FRDA_iPSC_cardiomyocytes_vs_isogenic_corrected_controls,tested,down_in_disease,32
MT-ND6,mtDNA-encoded OXPHOS genes,mtDNA-encoded complex I subunit.,ENSG00000198695,11.693498028628076,11.948612826359096,11.821055427493585,-0.2551147977310215,0.546167706517813,0.77606588570516,3.0,paired_t_test_on_patient_mean_log2_cpm,FRDA_iPSC_cardiomyocytes_vs_isogenic_corrected_controls,tested,down_in_disease,33
TFAM,mitochondrial translation / mtDNA maintenance,mtDNA packaging and transcription factor.,ENSG00000108064,5.995216787328167,6.07105296083865,6.033134874083409,-0.0758361735104831,0.5675862759004843,0.7870888566517618,3.0,paired_t_test_on_patient_mean_log2_cpm,FRDA_iPSC_cardiomyocytes_vs_isogenic_corrected_controls,tested,down_in_disease,34
UQCRC2,respiratory chain complex III,Nuclear-encoded complex III subunit.,ENSG00000140740,8.429148053192485,8.47510871185201,8.452128382522249,-0.045960658659526,0.5695246347608672,0.7883235846447058,3.0,paired_t_test_on_patient_mean_log2_cpm,FRDA_iPSC_cardiomyocytes_vs_isogenic_corrected_controls,tested,down_in_disease,35
SDHA,respiratory chain complex II,Nuclear-encoded complex II subunit.,ENSG00000073578,8.09738409039286,8.118856662956633,8.108120376674746,-0.0214725725637734,0.6686481879671672,0.8381338968565215,3.0,paired_t_test_on_patient_mean_log2_cpm,FRDA_iPSC_cardiomyocytes_vs_isogenic_corrected_controls,tested,down_in_disease,36
CAT,oxidative stress / ROS,Catalase.,ENSG00000121691,3.913803883731684,3.5985341354004974,3.7561690095660905,0.3152697483311861,0.8392379311329188,0.9213413060875948,3.0,paired_t_test_on_patient_mean_log2_cpm,FRDA_iPSC_cardiomyocytes_vs_isogenic_corrected_controls,tested,up_in_disease,37
PRDX3,oxidative stress / ROS,Mitochondrial peroxiredoxin.,ENSG00000165672,7.985642236089387,8.00315438656238,7.994398311325884,-0.017512150472994,0.8554945114682675,0.9294838914355188,3.0,paired_t_test_on_patient_mean_log2_cpm,FRDA_iPSC_cardiomyocytes_vs_isogenic_corrected_controls,tested,down_in_disease,38
MFF,fusion/fission,Mitochondrial fission factor.,ENSG00000168958,5.909435498278827,5.905924995426131,5.907680246852479,0.0035105028526967,0.935287709888152,0.9715770789289416,3.0,paired_t_test_on_patient_mean_log2_cpm,FRDA_iPSC_cardiomyocytes_vs_isogenic_corrected_controls,tested,up_in_disease,39
FIS1,fusion/fission,Mitochondrial fission adaptor.,ENSG00000214253,5.85555674588527,5.856240152916185,5.855898449400727,-0.0006834070309151,0.991182892670742,0.9968467505111372,3.0,paired_t_test_on_patient_mean_log2_cpm,FRDA_iPSC_cardiomyocytes_vs_isogenic_corrected_controls,tested,down_in_disease,40
